"search-number","evaluation","sun-brightness*","albedo*","num-replicates","best-fitness-so-far"
"1","10","3.4000000000000004","0.30000000000000004","10","38.83917274541597"
"1","20","4.2","0.4","10","40.21177389224216"
"1","70","2.8000000000000003","0","10","41.878259870217825"
"1","90","3.4000000000000004","0.05","10","43.16121262948222"
"1","120","4.800000000000001","0.1","10","49.212875136683124"
